image_name,category,keywords
image_0020.jpg,airplanes,airplanes
image_0030.jpg,airplanes,airplanes
image_0054.jpg,airplanes,airplanes
image_0069.jpg,airplanes,airplanes
image_0081.jpg,airplanes,airplanes
image_0084.jpg,airplanes,airplanes
image_0090.jpg,airplanes,airplanes
image_0091.jpg,airplanes,airplanes
image_0098.jpg,airplanes,airplanes
image_0115.jpg,airplanes,airplanes
image_0123.jpg,airplanes,airplanes
image_0128.jpg,airplanes,airplanes
image_0170.jpg,airplanes,airplanes
image_0183.jpg,airplanes,airplanes
image_0189.jpg,airplanes,airplanes
image_0193.jpg,airplanes,airplanes
image_0203.jpg,airplanes,airplanes
image_0249.jpg,airplanes,airplanes
image_0255.jpg,airplanes,airplanes
image_0266.jpg,airplanes,airplanes
image_0276.jpg,airplanes,airplanes
image_0305.jpg,airplanes,airplanes
image_0318.jpg,airplanes,airplanes
image_0325.jpg,airplanes,airplanes
image_0335.jpg,airplanes,airplanes
image_0356.jpg,airplanes,airplanes
image_0361.jpg,airplanes,airplanes
image_0363.jpg,airplanes,airplanes
image_0388.jpg,airplanes,airplanes
image_0391.jpg,airplanes,airplanes
image_0404.jpg,airplanes,airplanes
image_0434.jpg,airplanes,airplanes
image_0442.jpg,airplanes,airplanes
image_0512.jpg,airplanes,airplanes
image_0524.jpg,airplanes,airplanes
image_0536.jpg,airplanes,airplanes
image_0552.jpg,airplanes,airplanes
image_0556.jpg,airplanes,airplanes
image_0557.jpg,airplanes,airplanes
image_0639.jpg,airplanes,airplanes
image_0647.jpg,airplanes,airplanes
image_0674.jpg,airplanes,airplanes
image_0680.jpg,airplanes,airplanes
image_0690.jpg,airplanes,airplanes
image_0737.jpg,airplanes,airplanes
image_0747.jpg,airplanes,airplanes
image_0768.jpg,airplanes,airplanes
image_0789.jpg,airplanes,airplanes
image_0795.jpg,airplanes,airplanes
image_0800.jpg,airplanes,airplanes
image_0001.jpg,bonsai,bonsai
image_0002.jpg,bonsai,bonsai
image_0004.jpg,bonsai,bonsai
image_0005.jpg,bonsai,bonsai
image_0007.jpg,bonsai,bonsai
image_0009.jpg,bonsai,bonsai
image_0014.jpg,bonsai,bonsai
image_0017.jpg,bonsai,bonsai
image_0018.jpg,bonsai,bonsai
image_0019.jpg,bonsai,bonsai
image_0022.jpg,bonsai,bonsai
image_0024.jpg,bonsai,bonsai
image_0028.jpg,bonsai,bonsai
image_0029.jpg,bonsai,bonsai
image_0037.jpg,bonsai,bonsai
image_0039.jpg,bonsai,bonsai
image_0041.jpg,bonsai,bonsai
image_0042.jpg,bonsai,bonsai
image_0044.jpg,bonsai,bonsai
image_0045.jpg,bonsai,bonsai
image_0047.jpg,bonsai,bonsai
image_0051.jpg,bonsai,bonsai
image_0053.jpg,bonsai,bonsai
image_0054.jpg,bonsai,bonsai
image_0055.jpg,bonsai,bonsai
image_0062.jpg,bonsai,bonsai
image_0066.jpg,bonsai,bonsai
image_0070.jpg,bonsai,bonsai
image_0071.jpg,bonsai,bonsai
image_0076.jpg,bonsai,bonsai
image_0077.jpg,bonsai,bonsai
image_0080.jpg,bonsai,bonsai
image_0084.jpg,bonsai,bonsai
image_0086.jpg,bonsai,bonsai
image_0087.jpg,bonsai,bonsai
image_0088.jpg,bonsai,bonsai
image_0089.jpg,bonsai,bonsai
image_0092.jpg,bonsai,bonsai
image_0094.jpg,bonsai,bonsai
image_0097.jpg,bonsai,bonsai
image_0098.jpg,bonsai,bonsai
image_0100.jpg,bonsai,bonsai
image_0103.jpg,bonsai,bonsai
image_0106.jpg,bonsai,bonsai
image_0112.jpg,bonsai,bonsai
image_0114.jpg,bonsai,bonsai
image_0116.jpg,bonsai,bonsai
image_0120.jpg,bonsai,bonsai
image_0121.jpg,bonsai,bonsai
image_0122.jpg,bonsai,bonsai
image_0002.jpg,car_side,car side
image_0004.jpg,car_side,car side
image_0008.jpg,car_side,car side
image_0010.jpg,car_side,car side
image_0011.jpg,car_side,car side
image_0014.jpg,car_side,car side
image_0019.jpg,car_side,car side
image_0020.jpg,car_side,car side
image_0021.jpg,car_side,car side
image_0028.jpg,car_side,car side
image_0030.jpg,car_side,car side
image_0037.jpg,car_side,car side
image_0039.jpg,car_side,car side
image_0041.jpg,car_side,car side
image_0042.jpg,car_side,car side
image_0046.jpg,car_side,car side
image_0047.jpg,car_side,car side
image_0052.jpg,car_side,car side
image_0053.jpg,car_side,car side
image_0056.jpg,car_side,car side
image_0059.jpg,car_side,car side
image_0061.jpg,car_side,car side
image_0064.jpg,car_side,car side
image_0065.jpg,car_side,car side
image_0066.jpg,car_side,car side
image_0067.jpg,car_side,car side
image_0068.jpg,car_side,car side
image_0070.jpg,car_side,car side
image_0075.jpg,car_side,car side
image_0076.jpg,car_side,car side
image_0077.jpg,car_side,car side
image_0078.jpg,car_side,car side
image_0082.jpg,car_side,car side
image_0083.jpg,car_side,car side
image_0085.jpg,car_side,car side
image_0092.jpg,car_side,car side
image_0094.jpg,car_side,car side
image_0095.jpg,car_side,car side
image_0099.jpg,car_side,car side
image_0100.jpg,car_side,car side
image_0103.jpg,car_side,car side
image_0104.jpg,car_side,car side
image_0106.jpg,car_side,car side
image_0108.jpg,car_side,car side
image_0111.jpg,car_side,car side
image_0116.jpg,car_side,car side
image_0117.jpg,car_side,car side
image_0118.jpg,car_side,car side
image_0120.jpg,car_side,car side
image_0123.jpg,car_side,car side
image_0008.jpg,faces,faces
image_0046.jpg,faces,faces
image_0055.jpg,faces,faces
image_0073.jpg,faces,faces
image_0077.jpg,faces,faces
image_0086.jpg,faces,faces
image_0091.jpg,faces,faces
image_0092.jpg,faces,faces
image_0094.jpg,faces,faces
image_0100.jpg,faces,faces
image_0112.jpg,faces,faces
image_0120.jpg,faces,faces
image_0130.jpg,faces,faces
image_0149.jpg,faces,faces
image_0158.jpg,faces,faces
image_0160.jpg,faces,faces
image_0178.jpg,faces,faces
image_0196.jpg,faces,faces
image_0205.jpg,faces,faces
image_0218.jpg,faces,faces
image_0242.jpg,faces,faces
image_0257.jpg,faces,faces
image_0258.jpg,faces,faces
image_0262.jpg,faces,faces
image_0276.jpg,faces,faces
image_0280.jpg,faces,faces
image_0281.jpg,faces,faces
image_0285.jpg,faces,faces
image_0294.jpg,faces,faces
image_0304.jpg,faces,faces
image_0328.jpg,faces,faces
image_0345.jpg,faces,faces
image_0360.jpg,faces,faces
image_0364.jpg,faces,faces
image_0367.jpg,faces,faces
image_0371.jpg,faces,faces
image_0373.jpg,faces,faces
image_0374.jpg,faces,faces
image_0377.jpg,faces,faces
image_0379.jpg,faces,faces
image_0382.jpg,faces,faces
image_0388.jpg,faces,faces
image_0389.jpg,faces,faces
image_0394.jpg,faces,faces
image_0403.jpg,faces,faces
image_0404.jpg,faces,faces
image_0415.jpg,faces,faces
image_0416.jpg,faces,faces
image_0429.jpg,faces,faces
image_0432.jpg,faces,faces
image_0002.jpg,watch,watch
image_0020.jpg,watch,watch
image_0022.jpg,watch,watch
image_0024.jpg,watch,watch
image_0025.jpg,watch,watch
image_0026.jpg,watch,watch
image_0033.jpg,watch,watch
image_0036.jpg,watch,watch
image_0038.jpg,watch,watch
image_0043.jpg,watch,watch
image_0045.jpg,watch,watch
image_0046.jpg,watch,watch
image_0052.jpg,watch,watch
image_0054.jpg,watch,watch
image_0065.jpg,watch,watch
image_0084.jpg,watch,watch
image_0085.jpg,watch,watch
image_0086.jpg,watch,watch
image_0088.jpg,watch,watch
image_0089.jpg,watch,watch
image_0090.jpg,watch,watch
image_0098.jpg,watch,watch
image_0100.jpg,watch,watch
image_0113.jpg,watch,watch
image_0117.jpg,watch,watch
image_0121.jpg,watch,watch
image_0127.jpg,watch,watch
image_0129.jpg,watch,watch
image_0143.jpg,watch,watch
image_0155.jpg,watch,watch
image_0158.jpg,watch,watch
image_0165.jpg,watch,watch
image_0173.jpg,watch,watch
image_0177.jpg,watch,watch
image_0178.jpg,watch,watch
image_0179.jpg,watch,watch
image_0181.jpg,watch,watch
image_0184.jpg,watch,watch
image_0186.jpg,watch,watch
image_0189.jpg,watch,watch
image_0194.jpg,watch,watch
image_0196.jpg,watch,watch
image_0198.jpg,watch,watch
image_0201.jpg,watch,watch
image_0202.jpg,watch,watch
image_0213.jpg,watch,watch
image_0223.jpg,watch,watch
image_0226.jpg,watch,watch
image_0230.jpg,watch,watch
image_0239.jpg,watch,watch
